{"loss": [0.17565211616456508, 0.18096735440194606, 0.1696923293173313, 0.1776530172675848, 0.18624133691191674, 0.1858837015926838, 0.16894580610096455, 0.1609413769096136, 0.16368262097239494, 0.1588801484555006, 0.15583719536662102, 0.15032556913793088, 0.14949918538331985, 0.14562043361365795, 0.15099602937698364, 0.14977691285312175, 0.14758616983890532, 0.14974422231316567, 0.13918993733823298, 0.14041578806936741, 0.1403149977326393, 0.12671748585999013, 0.1404077684506774, 0.1315178841352463, 0.1407491136342287, 0.13818549290299414, 0.1408992949873209, 0.14450557269155978, 0.13940161131322384, 0.12245899885892868, 0.1367184493690729, 0.127197889611125, 0.13568193912506105, 0.12597440890967845, 0.13338914029300214, 0.15175029933452605, 0.1309089856222272, 0.13576291985809802, 0.12351773530244828, 0.12198041863739491, 0.13055997975170613, 0.11872698180377483, 0.12964019253849984, 0.1554500762373209, 0.1246063306927681, 0.12690443843603133, 0.12556585520505906, 0.1299817804247141, 0.12980490662157534, 0.13476689625531435], "acc": [0.9540513833992095, 0.9526679841897233, 0.9552371541501976, 0.9552371541501976, 0.9547430830039526, 0.9540513833992095, 0.9531620553359684, 0.9564229249011857, 0.9565217391304348, 0.9588932806324111, 0.957905138339921, 0.9592885375494071, 0.9591897233201581, 0.9621541501976285, 0.9598814229249012, 0.958498023715415, 0.9596837944664032, 0.9604743083003953, 0.9635375494071147, 0.9613636363636363, 0.9608695652173913, 0.9636363636363636, 0.9618577075098814, 0.9634387351778656, 0.9621541501976285, 0.9632411067193676, 0.9616600790513834, 0.9615612648221344, 0.9608695652173913, 0.9655138339920949, 0.9615612648221344, 0.9635375494071147, 0.9632411067193676, 0.9628458498023715, 0.9647233201581028, 0.958201581027668, 0.9627470355731226, 0.9608695652173913, 0.9640316205533597, 0.966501976284585, 0.9624505928853755, 0.966106719367589, 0.9639328063241107, 0.9591897233201581, 0.9649209486166008, 0.9643280632411068, 0.9635375494071147, 0.9647233201581028, 0.9640316205533597, 0.9626482213438735]}