{"loss": [0.1295199921975533, 0.06878990593055884, 0.05737006229658922, 0.05068798974777262, 0.04619702656442921, 0.04313745979840557, 0.040992109570652246, 0.038354246349384384, 0.03639471841355165, 0.03463815157301724, 0.03316247526866694, 0.03218021295033395, 0.03101924026074509, 0.030563573678955437, 0.02984509455660979, 0.029129511102413137, 0.028541472818081576, 0.028260111343115568, 0.027625595250477395, 0.027254793824007115, 0.026671026879921556, 0.026295413666715225, 0.02597132616986831, 0.02566372809621195, 0.025345733761787413, 0.02501914370805025, 0.0246741425866882, 0.024435955751687288, 0.024071214674040674, 0.02401406435916821, 0.023612992387885848, 0.023330363522594173, 0.023280348101009925, 0.0228949342854321, 0.022781020092467467, 0.022528006120895346, 0.022300939556832114, 0.022177298522243896, 0.021991010770822564, 0.021698564663529395, 0.02159725020950039, 0.021560332675774892, 0.021260290779173373, 0.021161520077536505, 0.02108270740136504, 0.020794731192290784, 0.02080978361579279, 0.020583259065945943, 0.020481161555896202, 0.02045083752212425, 0.020117418095469474, 0.020220789002875487, 0.01999330272277196, 0.019886143784970046, 0.01971934661269188, 0.01955385220547517, 0.019548451341688634, 0.019624759551758568, 0.019172240095213056, 0.0191100613369296, 0.01917393410888811, 0.018991219686965148, 0.01935880087160816, 0.01866403507689635, 0.018739354020605486, 0.018530325032770634, 0.01854892720002681, 0.018982024413223067, 0.018255732542214295, 0.018296207122815152, 0.018136905746844907, 0.018171532506433625, 0.01804431915127983, 0.019716511961693564, 0.017770082658777633, 0.017705088900402188, 0.017749737924896182, 0.017667286439488332, 0.017606815168013174, 0.0176323993364349, 0.017474439724658928, 0.017527233622968198, 0.01735482372653981, 0.017294100051124892, 0.017333912927036486, 0.017214143563372395, 0.01727059391948084, 0.01719681303948164, 0.016955037244285147, 0.01700044278986752, 0.017379765879983702, 0.01680760787179073, 0.017080085802202424, 0.016738407430239022, 0.016756284423172473, 0.01661488494525353, 0.016586041854073603, 0.016673236821467676, 0.016436047463988263, 0.016513046249747275], "val_loss": [0.08400486409664154, 0.06169448047876358, 0.053887989372015, 0.05080485250800848, 0.044810074381530285, 0.042156352661550045, 0.039974809624254704, 0.0383318280801177, 0.03682689554989338, 0.03440189827233553, 0.03346159867942333, 0.033022201620042324, 0.03347056172788143, 0.032988240011036396, 0.03023586142808199, 0.030197203159332275, 0.029372980818152428, 0.028860102873295546, 0.02886116411536932, 0.02882004017010331, 0.027203873731195927, 0.027853190898895264, 0.027237660717219114, 0.026386286597698927, 0.02644117595627904, 0.02547680353745818, 0.025669512804597616, 0.02530927862972021, 0.02481953101232648, 0.024465859401971102, 0.0245836921967566, 0.0240919035859406, 0.023885578848421574, 0.023449472151696682, 0.023151506204158068, 0.023790599778294563, 0.023142008110880852, 0.022666016593575478, 0.022599571850150824, 0.02331873867660761, 0.022873385343700647, 0.022525138221681118, 0.022043441887944937, 0.02281215600669384, 0.022228861693292856, 0.021784950979053974, 0.021928776055574417, 0.021560009103268385, 0.02118088398128748, 0.021499375347048044, 0.0210228580981493, 0.021006450057029724, 0.02118733525276184, 0.02099652122706175, 0.021575890481472015, 0.02016558777540922, 0.020346486940979958, 0.021051314193755388, 0.020318887662142515, 0.020636943634599447, 0.020244288723915815, 0.020351106766611338, 0.01977751636877656, 0.01984355039894581, 0.01947799138724804, 0.019770292099565268, 0.019858538173139095, 0.019653820898383856, 0.019241012632846832, 0.01898492407053709, 0.019454609137028456, 0.020004371646791697, 0.019226570148020983, 0.020116629544645548, 0.019332726020365953, 0.01839423319324851, 0.018775426782667637, 0.0186808155849576, 0.018386448733508587, 0.01844195881858468, 0.01878994144499302, 0.018599072471261024, 0.01848418638110161, 0.0184595650061965, 0.019132745917886496, 0.018028554040938616, 0.018429079558700323, 0.017921135295182467, 0.018285084050148726, 0.018146739806979895, 0.017850210890173912, 0.01764691388234496, 0.017761191353201866, 0.018288095481693745, 0.017896706238389015, 0.01775011094287038, 0.017523511312901974, 0.018078576773405075, 0.017715624999254942, 0.017540079075843096]}