{"loss": [0.13114847265239946, 0.0682576652756311, 0.054691887775758154, 0.04799151045263262, 0.043547706944601874, 0.03977951519471362, 0.03691641611040087, 0.03436359782752238, 0.032658838155798446, 0.03125644468219209, 0.03013571438596661, 0.029024084427751097, 0.028596372014485803, 0.027458211855220616, 0.027058176360184087, 0.026328640996961666, 0.02585230914777831, 0.024972961697363315, 0.024556104177819157, 0.024167856411602264], "all_loss": [0.08434605710488513, 0.05848035420802303, 0.05119353723257108, 0.045696206194789785, 0.041105156834412335, 0.038114843960095166, 0.03554396497967996, 0.03309056276273459, 0.031332311003391906, 0.02989791490529713, 0.029263382665532873, 0.028305272998890484, 0.02905094679585077, 0.027382819612223403, 0.026453837318191852, 0.026928761133686044, 0.025298424359214932, 0.024685504419126904, 0.023849775538520704, 0.02338655861584764], "val_acc": [0.67, 0.67, 0.792, 0.664, 0.748, 0.756, 0.506, 0.804, 0.75, 0.772, 0.772, 0.558, 0.732, 0.754, 0.708, 0.788, 0.754, 0.77, 0.744, 0.776]}